Heartbreak Hotel,              Elvis Presley, 1956, n
Somebody That I Used to Know,              Gotye featuring Kimbra, 2012, n
Macarena,              Los Del Rio, 1996, n
I Want to Hold Your Hand,              The Beatles, 1964, n
Boom Boom Pow,              The Black Eyed Peas, 2009, n
My Sharona,              The Knack, 1979, n
Sugar,         Maroon 5, 2017, n
Asd,        Asd, 123, n
Huy,      123, 2019, n
Hshh,   Hjhj, 1234, n
Nhanfa,   Uahdha, 1293, n
Huyhuyhuy,  Huy, 1231, n
Huyhuyhuy,  Huy, 1231, n
